<?xml version="1.0"?>
<extension>
	<id>84C8724E-E3F3-11E6-A469-EB33DF1DB169</id>
	<name>PLUGIN_SVERIGES_RADIO</name>
	<creator>Nils Ljungberg</creator>
	<email>nils dot ljungberg at gmail dott com</email>
	<module>Plugins::SverigesRadio::Plugin</module>
	<version>1.0.0</version>
	<description>PLUGIN_SVERIGES_RADIO_DESC</description>
	<defaultState>enabled</defaultState>
	<homepageURL>https://github.com/ljungberg/sverigesradio</homepageURL>
	<icon>plugins/SverigesRadio/html/images/SverigesRadio.png</icon>
	<optionsURL>plugins/SverigesRadio/settings/basic.html</optionsURL>
	<type>2</type>
	<targetApplication>
		<id>Logitech Media Server</id>
		<minVersion>7.9.0</minVersion>
		<maxVersion>*</maxVersion>
	</targetApplication>
</extension>
